image_id,label
image_0152.jpg,Forest
image_0218.jpg,Forest
image_0190.jpg,Forest
image_0184.jpg,Forest
image_0151.jpg,Forest
image_0192.jpg,Forest
image_0227.jpg,Forest
image_0233.jpg,Forest
image_0031.jpg,Forest
image_0187.jpg,Forest
image_0193.jpg,Forest
image_0144.jpg,Forest
image_0140.jpg,Forest
image_0020.jpg,Forest
image_0034.jpg,Forest
image_0237.jpg,Forest
image_0182.jpg,Forest
image_0143.jpg,Forest
image_0181.jpg,Forest
image_0156.jpg,Forest
image_0125.jpg,Forest
image_0327.jpg,Forest
image_0290.jpg,Forest
image_0284.jpg,Forest
image_0045.jpg,Forest
image_0092.jpg,Forest
image_0087.jpg,Forest
image_0050.jpg,Forest
image_0132.jpg,Forest
image_0318.jpg,Forest
image_0324.jpg,Forest
image_0278.jpg,Forest
image_0250.jpg,Forest
image_0287.jpg,Forest
image_0052.jpg,Forest
image_0090.jpg,Forest
image_0084.jpg,Forest
image_0245.jpg,Forest
image_0279.jpg,Forest
image_0123.jpg,Forest
image_0321.jpg,Forest
image_0309.jpg,Forest
image_0282.jpg,Forest
image_0042.jpg,Forest
image_0283.jpg,Forest
image_0254.jpg,Forest
image_0240.jpg,Forest
image_0308.jpg,Forest
image_0108.jpg,Forest
image_0054.jpg,Forest
image_0097.jpg,Forest
image_0055.jpg,Forest
image_0323.jpg,Forest
image_0121.jpg,Forest
image_0104.jpg,Forest
image_0272.jpg,Forest
image_0266.jpg,Forest
image_0071.jpg,Forest
image_0298.jpg,Forest
image_0267.jpg,Forest
image_0313.jpg,Forest
image_0113.jpg,Forest
image_0265.jpg,Forest
image_0067.jpg,Forest
image_0072.jpg,Forest
image_0270.jpg,Forest
image_0112.jpg,Forest
image_0116.jpg,Forest
image_0300.jpg,Forest
image_0063.jpg,Forest
image_0103.jpg,Forest
image_0129.jpg,Forest
image_0277.jpg,Forest
image_0288.jpg,Forest
image_0075.jpg,Forest
image_0061.jpg,Forest
image_0049.jpg,Forest
image_0074.jpg,Forest
image_0100.jpg,Forest
image_0239.jpg,Forest
image_0205.jpg,Forest
image_0006.jpg,Forest
image_0172.jpg,Forest
image_0164.jpg,Forest
image_0004.jpg,Forest
image_0039.jpg,Forest
image_0175.jpg,Forest
image_0217.jpg,Forest
image_0015.jpg,Forest
image_0028.jpg,Forest
image_0202.jpg,Forest
image_0174.jpg,Forest
image_0162.jpg,Forest
image_0189.jpg,Forest
image_0214.jpg,Forest
image_0228.jpg,Forest
image_0016.jpg,Forest
image_0003.jpg,Forest
image_0229.jpg,Forest
image_0177.jpg,Forest
image_0146.jpg,Bedroom
image_0185.jpg,Bedroom
image_0032.jpg,Bedroom
image_0027.jpg,Bedroom
image_0184.jpg,Bedroom
image_0147.jpg,Bedroom
image_0179.jpg,Bedroom
image_0151.jpg,Bedroom
image_0145.jpg,Bedroom
image_0186.jpg,Bedroom
image_0025.jpg,Bedroom
image_0031.jpg,Bedroom
image_0187.jpg,Bedroom
image_0193.jpg,Bedroom
image_0178.jpg,Bedroom
image_0154.jpg,Bedroom
image_0197.jpg,Bedroom
image_0183.jpg,Bedroom
image_0009.jpg,Bedroom
image_0169.jpg,Bedroom
image_0155.jpg,Bedroom
image_0143.jpg,Bedroom
image_0194.jpg,Bedroom
image_0023.jpg,Bedroom
image_0022.jpg,Bedroom
image_0036.jpg,Bedroom
image_0181.jpg,Bedroom
image_0125.jpg,Bedroom
image_0079.jpg,Bedroom
image_0051.jpg,Bedroom
image_0045.jpg,Bedroom
image_0044.jpg,Bedroom
image_0078.jpg,Bedroom
image_0132.jpg,Bedroom
image_0126.jpg,Bedroom
image_0046.jpg,Bedroom
image_0085.jpg,Bedroom
image_0091.jpg,Bedroom
image_0127.jpg,Bedroom
image_0133.jpg,Bedroom
image_0137.jpg,Bedroom
image_0123.jpg,Bedroom
image_0057.jpg,Bedroom
image_0094.jpg,Bedroom
image_0136.jpg,Bedroom
image_0108.jpg,Bedroom
image_0083.jpg,Bedroom
image_0041.jpg,Bedroom
image_0055.jpg,Bedroom
image_0109.jpg,Bedroom
image_0110.jpg,Bedroom
image_0058.jpg,Bedroom
image_0070.jpg,Bedroom
image_0065.jpg,Bedroom
image_0111.jpg,Bedroom
image_0105.jpg,Bedroom
image_0139.jpg,Bedroom
image_0107.jpg,Bedroom
image_0099.jpg,Bedroom
image_0072.jpg,Bedroom
image_0106.jpg,Bedroom
image_0116.jpg,Bedroom
image_0102.jpg,Bedroom
image_0076.jpg,Bedroom
image_0089.jpg,Bedroom
image_0101.jpg,Bedroom
image_0129.jpg,Bedroom
image_0075.jpg,Bedroom
image_0061.jpg,Bedroom
image_0048.jpg,Bedroom
image_0100.jpg,Bedroom
image_0167.jpg,Bedroom
image_0173.jpg,Bedroom
image_0198.jpg,Bedroom
image_0211.jpg,Bedroom
image_0012.jpg,Bedroom
image_0204.jpg,Bedroom
image_0210.jpg,Bedroom
image_0199.jpg,Bedroom
image_0172.jpg,Bedroom
image_0164.jpg,Bedroom
image_0212.jpg,Bedroom
image_0038.jpg,Bedroom
image_0010.jpg,Bedroom
image_0005.jpg,Bedroom
image_0213.jpg,Bedroom
image_0165.jpg,Bedroom
image_0171.jpg,Bedroom
image_0159.jpg,Bedroom
image_0149.jpg,Bedroom
image_0001.jpg,Bedroom
image_0015.jpg,Bedroom
image_0028.jpg,Bedroom
image_0216.jpg,Bedroom
image_0174.jpg,Bedroom
image_0214.jpg,Bedroom
image_0002.jpg,Bedroom
image_0201.jpg,Bedroom
image_0188.jpg,Bedroom
image_0177.jpg,Bedroom
image_0152.jpg,Office
image_0033.jpg,Office
image_0190.jpg,Office
image_0184.jpg,Office
image_0153.jpg,Office
image_0151.jpg,Office
image_0145.jpg,Office
image_0025.jpg,Office
image_0031.jpg,Office
image_0030.jpg,Office
image_0018.jpg,Office
image_0187.jpg,Office
image_0178.jpg,Office
image_0154.jpg,Office
image_0197.jpg,Office
image_0008.jpg,Office
image_0035.jpg,Office
image_0021.jpg,Office
image_0182.jpg,Office
image_0141.jpg,Office
image_0194.jpg,Office
image_0209.jpg,Office
image_0036.jpg,Office
image_0195.jpg,Office
image_0156.jpg,Office
image_0125.jpg,Office
image_0051.jpg,Office
image_0045.jpg,Office
image_0086.jpg,Office
image_0087.jpg,Office
image_0093.jpg,Office
image_0078.jpg,Office
image_0132.jpg,Office
image_0046.jpg,Office
image_0052.jpg,Office
image_0085.jpg,Office
image_0090.jpg,Office
image_0053.jpg,Office
image_0133.jpg,Office
image_0137.jpg,Office
image_0094.jpg,Office
image_0095.jpg,Office
image_0056.jpg,Office
image_0042.jpg,Office
image_0122.jpg,Office
image_0136.jpg,Office
image_0054.jpg,Office
image_0068.jpg,Office
image_0097.jpg,Office
image_0082.jpg,Office
image_0069.jpg,Office
image_0041.jpg,Office
image_0109.jpg,Office
image_0104.jpg,Office
image_0070.jpg,Office
image_0111.jpg,Office
image_0105.jpg,Office
image_0139.jpg,Office
image_0113.jpg,Office
image_0073.jpg,Office
image_0098.jpg,Office
image_0099.jpg,Office
image_0066.jpg,Office
image_0076.jpg,Office
image_0101.jpg,Office
image_0115.jpg,Office
image_0129.jpg,Office
image_0061.jpg,Office
image_0049.jpg,Office
image_0128.jpg,Office
image_0167.jpg,Office
image_0173.jpg,Office
image_0198.jpg,Office
image_0211.jpg,Office
image_0013.jpg,Office
image_0210.jpg,Office
image_0172.jpg,Office
image_0166.jpg,Office
image_0170.jpg,Office
image_0206.jpg,Office
image_0212.jpg,Office
image_0039.jpg,Office
image_0165.jpg,Office
image_0171.jpg,Office
image_0175.jpg,Office
image_0161.jpg,Office
image_0149.jpg,Office
image_0028.jpg,Office
image_0014.jpg,Office
image_0202.jpg,Office
image_0160.jpg,Office
image_0162.jpg,Office
image_0189.jpg,Office
image_0016.jpg,Office
image_0002.jpg,Office
image_0017.jpg,Office
image_0201.jpg,Office
image_0215.jpg,Office
image_0177.jpg,Office
image_0163.jpg,Office
image_0152.jpg,Highway
image_0224.jpg,Highway
image_0033.jpg,Highway
image_0219.jpg,Highway
image_0179.jpg,Highway
image_0151.jpg,Highway
image_0145.jpg,Highway
image_0186.jpg,Highway
image_0227.jpg,Highway
image_0019.jpg,Highway
image_0018.jpg,Highway
image_0187.jpg,Highway
image_0193.jpg,Highway
image_0154.jpg,Highway
image_0183.jpg,Highway
image_0222.jpg,Highway
image_0009.jpg,Highway
image_0021.jpg,Highway
image_0237.jpg,Highway
image_0223.jpg,Highway
image_0182.jpg,Highway
image_0169.jpg,Highway
image_0143.jpg,Highway
image_0209.jpg,Highway
image_0037.jpg,Highway
image_0023.jpg,Highway
image_0181.jpg,Highway
image_0050.jpg,Highway
image_0130.jpg,Highway
image_0118.jpg,Highway
image_0132.jpg,Highway
image_0126.jpg,Highway
image_0047.jpg,Highway
image_0127.jpg,Highway
image_0043.jpg,Highway
image_0094.jpg,Highway
image_0081.jpg,Highway
image_0254.jpg,Highway
image_0122.jpg,Highway
image_0120.jpg,Highway
image_0134.jpg,Highway
image_0256.jpg,Highway
image_0242.jpg,Highway
image_0054.jpg,Highway
image_0097.jpg,Highway
image_0083.jpg,Highway
image_0069.jpg,Highway
image_0055.jpg,Highway
image_0243.jpg,Highway
image_0138.jpg,Highway
image_0058.jpg,Highway
image_0064.jpg,Highway
image_0065.jpg,Highway
image_0059.jpg,Highway
image_0111.jpg,Highway
image_0113.jpg,Highway
image_0107.jpg,Highway
image_0073.jpg,Highway
image_0098.jpg,Highway
image_0072.jpg,Highway
image_0066.jpg,Highway
image_0258.jpg,Highway
image_0106.jpg,Highway
image_0112.jpg,Highway
image_0102.jpg,Highway
image_0248.jpg,Highway
image_0076.jpg,Highway
image_0077.jpg,Highway
image_0103.jpg,Highway
image_0117.jpg,Highway
image_0115.jpg,Highway
image_0129.jpg,Highway
image_0049.jpg,Highway
image_0128.jpg,Highway
image_0114.jpg,Highway
image_0167.jpg,Highway
image_0198.jpg,Highway
image_0239.jpg,Highway
image_0012.jpg,Highway
image_0204.jpg,Highway
image_0238.jpg,Highway
image_0199.jpg,Highway
image_0166.jpg,Highway
image_0170.jpg,Highway
image_0038.jpg,Highway
image_0010.jpg,Highway
image_0207.jpg,Highway
image_0165.jpg,Highway
image_0159.jpg,Highway
image_0175.jpg,Highway
image_0217.jpg,Highway
image_0028.jpg,Highway
image_0202.jpg,Highway
image_0148.jpg,Highway
image_0160.jpg,Highway
image_0189.jpg,Highway
image_0228.jpg,Highway
image_0016.jpg,Highway
image_0188.jpg,Highway
image_0163.jpg,Highway
image_0146.jpg,Coast
image_0185.jpg,Coast
image_0224.jpg,Coast
image_0032.jpg,Coast
image_0231.jpg,Coast
image_0345.jpg,Coast
image_0190.jpg,Coast
image_0147.jpg,Coast
image_0353.jpg,Coast
image_0187.jpg,Coast
image_0193.jpg,Coast
image_0178.jpg,Coast
image_0183.jpg,Coast
image_0342.jpg,Coast
image_0236.jpg,Coast
image_0034.jpg,Coast
image_0343.jpg,Coast
image_0143.jpg,Coast
image_0355.jpg,Coast
image_0235.jpg,Coast
image_0221.jpg,Coast
image_0209.jpg,Coast
image_0022.jpg,Coast
image_0208.jpg,Coast
image_0354.jpg,Coast
image_0340.jpg,Coast
image_0156.jpg,Coast
image_0125.jpg,Coast
image_0333.jpg,Coast
image_0290.jpg,Coast
image_0284.jpg,Coast
image_0326.jpg,Coast
image_0132.jpg,Coast
image_0250.jpg,Coast
image_0287.jpg,Coast
image_0052.jpg,Coast
image_0091.jpg,Coast
image_0053.jpg,Coast
image_0286.jpg,Coast
image_0251.jpg,Coast
image_0127.jpg,Coast
image_0123.jpg,Coast
image_0241.jpg,Coast
image_0269.jpg,Coast
image_0043.jpg,Coast
image_0080.jpg,Coast
image_0283.jpg,Coast
image_0320.jpg,Coast
image_0334.jpg,Coast
image_0120.jpg,Coast
image_0108.jpg,Coast
image_0336.jpg,Coast
image_0242.jpg,Coast
image_0281.jpg,Coast
image_0082.jpg,Coast
image_0069.jpg,Coast
image_0294.jpg,Coast
image_0109.jpg,Coast
image_0065.jpg,Coast
image_0298.jpg,Coast
image_0267.jpg,Coast
image_0273.jpg,Coast
image_0307.jpg,Coast
image_0111.jpg,Coast
image_0311.jpg,Coast
image_0271.jpg,Coast
image_0098.jpg,Coast
image_0066.jpg,Coast
image_0258.jpg,Coast
image_0310.jpg,Coast
image_0116.jpg,Coast
image_0102.jpg,Coast
image_0274.jpg,Coast
image_0248.jpg,Coast
image_0249.jpg,Coast
image_0275.jpg,Coast
image_0261.jpg,Coast
image_0117.jpg,Coast
image_0317.jpg,Coast
image_0048.jpg,Coast
image_0262.jpg,Coast
image_0276.jpg,Coast
image_0100.jpg,Coast
image_0198.jpg,Coast
image_0239.jpg,Coast
image_0006.jpg,Coast
image_0238.jpg,Coast
image_0358.jpg,Coast
image_0199.jpg,Coast
image_0212.jpg,Coast
image_0038.jpg,Coast
image_0010.jpg,Coast
image_0159.jpg,Coast
image_0203.jpg,Coast
image_0015.jpg,Coast
image_0028.jpg,Coast
image_0148.jpg,Coast
image_0189.jpg,Coast
image_0200.jpg,Coast
image_0228.jpg,Coast
image_0152.jpg,InsideCity
image_0185.jpg,InsideCity
image_0230.jpg,InsideCity
image_0032.jpg,InsideCity
image_0026.jpg,InsideCity
image_0027.jpg,InsideCity
image_0147.jpg,InsideCity
image_0151.jpg,InsideCity
image_0227.jpg,InsideCity
image_0030.jpg,InsideCity
image_0018.jpg,InsideCity
image_0232.jpg,InsideCity
image_0226.jpg,InsideCity
image_0144.jpg,InsideCity
image_0154.jpg,InsideCity
image_0183.jpg,InsideCity
image_0236.jpg,InsideCity
image_0034.jpg,InsideCity
image_0009.jpg,InsideCity
image_0182.jpg,InsideCity
image_0169.jpg,InsideCity
image_0155.jpg,InsideCity
image_0143.jpg,InsideCity
image_0157.jpg,InsideCity
image_0180.jpg,InsideCity
image_0221.jpg,InsideCity
image_0036.jpg,InsideCity
image_0234.jpg,InsideCity
image_0181.jpg,InsideCity
image_0156.jpg,InsideCity
image_0253.jpg,InsideCity
image_0247.jpg,InsideCity
image_0290.jpg,InsideCity
image_0045.jpg,InsideCity
image_0086.jpg,InsideCity
image_0278.jpg,InsideCity
image_0244.jpg,InsideCity
image_0293.jpg,InsideCity
image_0046.jpg,InsideCity
image_0090.jpg,InsideCity
image_0047.jpg,InsideCity
image_0245.jpg,InsideCity
image_0279.jpg,InsideCity
image_0255.jpg,InsideCity
image_0080.jpg,InsideCity
image_0081.jpg,InsideCity
image_0254.jpg,InsideCity
image_0308.jpg,InsideCity
image_0136.jpg,InsideCity
image_0120.jpg,InsideCity
image_0108.jpg,InsideCity
image_0242.jpg,InsideCity
image_0295.jpg,InsideCity
image_0281.jpg,InsideCity
image_0083.jpg,InsideCity
image_0294.jpg,InsideCity
image_0257.jpg,InsideCity
image_0135.jpg,InsideCity
image_0121.jpg,InsideCity
image_0138.jpg,InsideCity
image_0058.jpg,InsideCity
image_0070.jpg,InsideCity
image_0064.jpg,InsideCity
image_0113.jpg,InsideCity
image_0305.jpg,InsideCity
image_0259.jpg,InsideCity
image_0265.jpg,InsideCity
image_0099.jpg,InsideCity
image_0072.jpg,InsideCity
image_0264.jpg,InsideCity
image_0258.jpg,InsideCity
image_0106.jpg,InsideCity
image_0112.jpg,InsideCity
image_0116.jpg,InsideCity
image_0102.jpg,InsideCity
image_0260.jpg,InsideCity
image_0274.jpg,InsideCity
image_0076.jpg,InsideCity
image_0261.jpg,InsideCity
image_0101.jpg,InsideCity
image_0115.jpg,InsideCity
image_0074.jpg,InsideCity
image_0262.jpg,InsideCity
image_0302.jpg,InsideCity
image_0114.jpg,InsideCity
image_0167.jpg,InsideCity
image_0211.jpg,InsideCity
image_0199.jpg,InsideCity
image_0172.jpg,InsideCity
image_0164.jpg,InsideCity
image_0212.jpg,InsideCity
image_0005.jpg,InsideCity
image_0159.jpg,InsideCity
image_0203.jpg,InsideCity
image_0028.jpg,InsideCity
image_0014.jpg,InsideCity
image_0216.jpg,InsideCity
image_0148.jpg,InsideCity
image_0174.jpg,InsideCity
image_0177.jpg,InsideCity
image_0152.jpg,TallBuilding
image_0350.jpg,TallBuilding
image_0224.jpg,TallBuilding
image_0033.jpg,TallBuilding
image_0231.jpg,TallBuilding
image_0184.jpg,TallBuilding
image_0147.jpg,TallBuilding
image_0145.jpg,TallBuilding
image_0186.jpg,TallBuilding
image_0227.jpg,TallBuilding
image_0233.jpg,TallBuilding
image_0352.jpg,TallBuilding
image_0144.jpg,TallBuilding
image_0178.jpg,TallBuilding
image_0356.jpg,TallBuilding
image_0020.jpg,TallBuilding
image_0034.jpg,TallBuilding
image_0343.jpg,TallBuilding
image_0196.jpg,TallBuilding
image_0155.jpg,TallBuilding
image_0194.jpg,TallBuilding
image_0234.jpg,TallBuilding
image_0247.jpg,TallBuilding
image_0284.jpg,TallBuilding
image_0086.jpg,TallBuilding
image_0093.jpg,TallBuilding
image_0050.jpg,TallBuilding
image_0326.jpg,TallBuilding
image_0130.jpg,TallBuilding
image_0124.jpg,TallBuilding
image_0118.jpg,TallBuilding
image_0132.jpg,TallBuilding
image_0318.jpg,TallBuilding
image_0330.jpg,TallBuilding
image_0244.jpg,TallBuilding
image_0293.jpg,TallBuilding
image_0052.jpg,TallBuilding
image_0090.jpg,TallBuilding
image_0251.jpg,TallBuilding
image_0279.jpg,TallBuilding
image_0325.jpg,TallBuilding
image_0331.jpg,TallBuilding
image_0240.jpg,TallBuilding
image_0320.jpg,TallBuilding
image_0120.jpg,TallBuilding
image_0108.jpg,TallBuilding
image_0336.jpg,TallBuilding
image_0256.jpg,TallBuilding
image_0295.jpg,TallBuilding
image_0068.jpg,TallBuilding
image_0069.jpg,TallBuilding
image_0041.jpg,TallBuilding
image_0280.jpg,TallBuilding
image_0294.jpg,TallBuilding
image_0243.jpg,TallBuilding
image_0257.jpg,TallBuilding
image_0109.jpg,TallBuilding
image_0110.jpg,TallBuilding
image_0299.jpg,TallBuilding
image_0071.jpg,TallBuilding
image_0273.jpg,TallBuilding
image_0307.jpg,TallBuilding
image_0339.jpg,TallBuilding
image_0073.jpg,TallBuilding
image_0066.jpg,TallBuilding
image_0270.jpg,TallBuilding
image_0258.jpg,TallBuilding
image_0304.jpg,TallBuilding
image_0314.jpg,TallBuilding
image_0274.jpg,TallBuilding
image_0076.jpg,TallBuilding
image_0089.jpg,TallBuilding
image_0063.jpg,TallBuilding
image_0275.jpg,TallBuilding
image_0261.jpg,TallBuilding
image_0329.jpg,TallBuilding
image_0315.jpg,TallBuilding
image_0317.jpg,TallBuilding
image_0288.jpg,TallBuilding
image_0049.jpg,TallBuilding
image_0060.jpg,TallBuilding
image_0074.jpg,TallBuilding
image_0262.jpg,TallBuilding
image_0211.jpg,TallBuilding
image_0012.jpg,TallBuilding
image_0210.jpg,TallBuilding
image_0166.jpg,TallBuilding
image_0206.jpg,TallBuilding
image_0010.jpg,TallBuilding
image_0011.jpg,TallBuilding
image_0165.jpg,TallBuilding
image_0159.jpg,TallBuilding
image_0175.jpg,TallBuilding
image_0203.jpg,TallBuilding
image_0014.jpg,TallBuilding
image_0148.jpg,TallBuilding
image_0174.jpg,TallBuilding
image_0214.jpg,TallBuilding
image_0215.jpg,TallBuilding
image_0188.jpg,TallBuilding
image_0191.jpg,Industrial
image_0230.jpg,Industrial
image_0033.jpg,Industrial
image_0184.jpg,Industrial
image_0147.jpg,Industrial
image_0151.jpg,Industrial
image_0186.jpg,Industrial
image_0227.jpg,Industrial
image_0019.jpg,Industrial
image_0031.jpg,Industrial
image_0024.jpg,Industrial
image_0018.jpg,Industrial
image_0226.jpg,Industrial
image_0150.jpg,Industrial
image_0197.jpg,Industrial
image_0183.jpg,Industrial
image_0034.jpg,Industrial
image_0009.jpg,Industrial
image_0143.jpg,Industrial
image_0194.jpg,Industrial
image_0235.jpg,Industrial
image_0022.jpg,Industrial
image_0036.jpg,Industrial
image_0195.jpg,Industrial
image_0131.jpg,Industrial
image_0253.jpg,Industrial
image_0284.jpg,Industrial
image_0051.jpg,Industrial
image_0086.jpg,Industrial
image_0093.jpg,Industrial
image_0044.jpg,Industrial
image_0050.jpg,Industrial
image_0078.jpg,Industrial
image_0287.jpg,Industrial
image_0090.jpg,Industrial
image_0292.jpg,Industrial
image_0286.jpg,Industrial
image_0296.jpg,Industrial
image_0043.jpg,Industrial
image_0057.jpg,Industrial
image_0080.jpg,Industrial
image_0094.jpg,Industrial
image_0095.jpg,Industrial
image_0042.jpg,Industrial
image_0283.jpg,Industrial
image_0268.jpg,Industrial
image_0308.jpg,Industrial
image_0136.jpg,Industrial
image_0120.jpg,Industrial
image_0134.jpg,Industrial
image_0281.jpg,Industrial
image_0097.jpg,Industrial
image_0082.jpg,Industrial
image_0041.jpg,Industrial
image_0280.jpg,Industrial
image_0257.jpg,Industrial
image_0109.jpg,Industrial
image_0306.jpg,Industrial
image_0266.jpg,Industrial
image_0070.jpg,Industrial
image_0064.jpg,Industrial
image_0065.jpg,Industrial
image_0267.jpg,Industrial
image_0111.jpg,Industrial
image_0265.jpg,Industrial
image_0099.jpg,Industrial
image_0310.jpg,Industrial
image_0112.jpg,Industrial
image_0260.jpg,Industrial
image_0088.jpg,Industrial
image_0077.jpg,Industrial
image_0063.jpg,Industrial
image_0249.jpg,Industrial
image_0261.jpg,Industrial
image_0301.jpg,Industrial
image_0103.jpg,Industrial
image_0288.jpg,Industrial
image_0048.jpg,Industrial
image_0289.jpg,Industrial
image_0302.jpg,Industrial
image_0128.jpg,Industrial
image_0173.jpg,Industrial
image_0198.jpg,Industrial
image_0239.jpg,Industrial
image_0012.jpg,Industrial
image_0210.jpg,Industrial
image_0172.jpg,Industrial
image_0212.jpg,Industrial
image_0004.jpg,Industrial
image_0010.jpg,Industrial
image_0011.jpg,Industrial
image_0213.jpg,Industrial
image_0171.jpg,Industrial
image_0159.jpg,Industrial
image_0217.jpg,Industrial
image_0014.jpg,Industrial
image_0162.jpg,Industrial
image_0200.jpg,Industrial
image_0002.jpg,Industrial
image_0215.jpg,Industrial
image_0152.jpg,Street
image_0218.jpg,Street
image_0033.jpg,Street
image_0225.jpg,Street
image_0219.jpg,Street
image_0153.jpg,Street
image_0019.jpg,Street
image_0031.jpg,Street
image_0197.jpg,Street
image_0183.jpg,Street
image_0236.jpg,Street
image_0009.jpg,Street
image_0035.jpg,Street
image_0237.jpg,Street
image_0223.jpg,Street
image_0155.jpg,Street
image_0209.jpg,Street
image_0037.jpg,Street
image_0023.jpg,Street
image_0208.jpg,Street
image_0195.jpg,Street
image_0253.jpg,Street
image_0290.jpg,Street
image_0092.jpg,Street
image_0093.jpg,Street
image_0252.jpg,Street
image_0130.jpg,Street
image_0123.jpg,Street
image_0255.jpg,Street
image_0043.jpg,Street
image_0095.jpg,Street
image_0081.jpg,Street
image_0120.jpg,Street
image_0242.jpg,Street
image_0040.jpg,Street
image_0097.jpg,Street
image_0096.jpg,Street
image_0280.jpg,Street
image_0257.jpg,Street
image_0104.jpg,Street
image_0110.jpg,Street
image_0058.jpg,Street
image_0065.jpg,Street
image_0071.jpg,Street
image_0059.jpg,Street
image_0267.jpg,Street
image_0139.jpg,Street
image_0107.jpg,Street
image_0259.jpg,Street
image_0265.jpg,Street
image_0271.jpg,Street
image_0067.jpg,Street
image_0098.jpg,Street
image_0099.jpg,Street
image_0072.jpg,Street
image_0270.jpg,Street
image_0116.jpg,Street
image_0063.jpg,Street
image_0275.jpg,Street
image_0261.jpg,Street
image_0103.jpg,Street
image_0117.jpg,Street
image_0115.jpg,Street
image_0263.jpg,Street
image_0075.jpg,Street
image_0060.jpg,Street
image_0276.jpg,Street
image_0114.jpg,Street
image_0167.jpg,Street
image_0173.jpg,Street
image_0239.jpg,Street
image_0205.jpg,Street
image_0204.jpg,Street
image_0166.jpg,Street
image_0158.jpg,Street
image_0164.jpg,Street
image_0206.jpg,Street
image_0212.jpg,Street
image_0004.jpg,Street
image_0011.jpg,Street
image_0005.jpg,Street
image_0039.jpg,Street
image_0207.jpg,Street
image_0159.jpg,Street
image_0217.jpg,Street
image_0001.jpg,Street
image_0015.jpg,Street
image_0029.jpg,Street
image_0028.jpg,Street
image_0216.jpg,Street
image_0202.jpg,Street
image_0148.jpg,Street
image_0160.jpg,Street
image_0214.jpg,Street
image_0200.jpg,Street
image_0228.jpg,Street
image_0002.jpg,Street
image_0003.jpg,Street
image_0229.jpg,Street
image_0188.jpg,Street
image_0185.jpg,LivingRoom
image_0026.jpg,LivingRoom
image_0231.jpg,LivingRoom
image_0190.jpg,LivingRoom
image_0184.jpg,LivingRoom
image_0151.jpg,LivingRoom
image_0192.jpg,LivingRoom
image_0233.jpg,LivingRoom
image_0019.jpg,LivingRoom
image_0031.jpg,LivingRoom
image_0030.jpg,LivingRoom
image_0018.jpg,LivingRoom
image_0232.jpg,LivingRoom
image_0226.jpg,LivingRoom
image_0193.jpg,LivingRoom
image_0144.jpg,LivingRoom
image_0178.jpg,LivingRoom
image_0154.jpg,LivingRoom
image_0168.jpg,LivingRoom
image_0236.jpg,LivingRoom
image_0034.jpg,LivingRoom
image_0009.jpg,LivingRoom
image_0035.jpg,LivingRoom
image_0223.jpg,LivingRoom
image_0155.jpg,LivingRoom
image_0157.jpg,LivingRoom
image_0209.jpg,LivingRoom
image_0036.jpg,LivingRoom
image_0208.jpg,LivingRoom
image_0220.jpg,LivingRoom
image_0125.jpg,LivingRoom
image_0253.jpg,LivingRoom
image_0051.jpg,LivingRoom
image_0044.jpg,LivingRoom
image_0130.jpg,LivingRoom
image_0118.jpg,LivingRoom
image_0244.jpg,LivingRoom
image_0052.jpg,LivingRoom
image_0085.jpg,LivingRoom
image_0091.jpg,LivingRoom
image_0053.jpg,LivingRoom
image_0286.jpg,LivingRoom
image_0127.jpg,LivingRoom
image_0133.jpg,LivingRoom
image_0137.jpg,LivingRoom
image_0255.jpg,LivingRoom
image_0269.jpg,LivingRoom
image_0080.jpg,LivingRoom
image_0108.jpg,LivingRoom
image_0281.jpg,LivingRoom
image_0054.jpg,LivingRoom
image_0069.jpg,LivingRoom
image_0280.jpg,LivingRoom
image_0243.jpg,LivingRoom
image_0121.jpg,LivingRoom
image_0059.jpg,LivingRoom
image_0267.jpg,LivingRoom
image_0139.jpg,LivingRoom
image_0265.jpg,LivingRoom
image_0271.jpg,LivingRoom
image_0067.jpg,LivingRoom
image_0099.jpg,LivingRoom
image_0264.jpg,LivingRoom
image_0258.jpg,LivingRoom
image_0248.jpg,LivingRoom
image_0076.jpg,LivingRoom
image_0089.jpg,LivingRoom
image_0275.jpg,LivingRoom
image_0261.jpg,LivingRoom
image_0103.jpg,LivingRoom
image_0115.jpg,LivingRoom
image_0075.jpg,LivingRoom
image_0048.jpg,LivingRoom
image_0060.jpg,LivingRoom
image_0289.jpg,LivingRoom
image_0128.jpg,LivingRoom
image_0211.jpg,LivingRoom
image_0006.jpg,LivingRoom
image_0012.jpg,LivingRoom
image_0204.jpg,LivingRoom
image_0199.jpg,LivingRoom
image_0172.jpg,LivingRoom
image_0158.jpg,LivingRoom
image_0170.jpg,LivingRoom
image_0164.jpg,LivingRoom
image_0212.jpg,LivingRoom
image_0038.jpg,LivingRoom
image_0165.jpg,LivingRoom
image_0149.jpg,LivingRoom
image_0217.jpg,LivingRoom
image_0001.jpg,LivingRoom
image_0029.jpg,LivingRoom
image_0028.jpg,LivingRoom
image_0162.jpg,LivingRoom
image_0200.jpg,LivingRoom
image_0016.jpg,LivingRoom
image_0017.jpg,LivingRoom
image_0229.jpg,LivingRoom
image_0201.jpg,LivingRoom
image_0188.jpg,LivingRoom
image_0191.jpg,Suburb
image_0218.jpg,Suburb
image_0230.jpg,Suburb
image_0224.jpg,Suburb
image_0027.jpg,Suburb
image_0231.jpg,Suburb
image_0190.jpg,Suburb
image_0184.jpg,Suburb
image_0151.jpg,Suburb
image_0145.jpg,Suburb
image_0192.jpg,Suburb
image_0019.jpg,Suburb
image_0030.jpg,Suburb
image_0232.jpg,Suburb
image_0144.jpg,Suburb
image_0150.jpg,Suburb
image_0197.jpg,Suburb
image_0035.jpg,Suburb
image_0237.jpg,Suburb
image_0169.jpg,Suburb
image_0141.jpg,Suburb
image_0157.jpg,Suburb
image_0235.jpg,Suburb
image_0221.jpg,Suburb
image_0209.jpg,Suburb
image_0208.jpg,Suburb
image_0142.jpg,Suburb
image_0131.jpg,Suburb
image_0051.jpg,Suburb
image_0092.jpg,Suburb
image_0086.jpg,Suburb
image_0087.jpg,Suburb
image_0093.jpg,Suburb
image_0044.jpg,Suburb
image_0078.jpg,Suburb
image_0130.jpg,Suburb
image_0124.jpg,Suburb
image_0126.jpg,Suburb
image_0052.jpg,Suburb
image_0085.jpg,Suburb
image_0091.jpg,Suburb
image_0090.jpg,Suburb
image_0047.jpg,Suburb
image_0133.jpg,Suburb
image_0080.jpg,Suburb
image_0095.jpg,Suburb
image_0056.jpg,Suburb
image_0240.jpg,Suburb
image_0136.jpg,Suburb
image_0054.jpg,Suburb
image_0097.jpg,Suburb
image_0096.jpg,Suburb
image_0055.jpg,Suburb
image_0109.jpg,Suburb
image_0135.jpg,Suburb
image_0121.jpg,Suburb
image_0104.jpg,Suburb
image_0110.jpg,Suburb
image_0058.jpg,Suburb
image_0064.jpg,Suburb
image_0105.jpg,Suburb
image_0113.jpg,Suburb
image_0073.jpg,Suburb
image_0099.jpg,Suburb
image_0072.jpg,Suburb
image_0066.jpg,Suburb
image_0106.jpg,Suburb
image_0112.jpg,Suburb
image_0076.jpg,Suburb
image_0089.jpg,Suburb
image_0063.jpg,Suburb
image_0115.jpg,Suburb
image_0129.jpg,Suburb
image_0049.jpg,Suburb
image_0048.jpg,Suburb
image_0060.jpg,Suburb
image_0114.jpg,Suburb
image_0100.jpg,Suburb
image_0211.jpg,Suburb
image_0007.jpg,Suburb
image_0006.jpg,Suburb
image_0204.jpg,Suburb
image_0238.jpg,Suburb
image_0158.jpg,Suburb
image_0170.jpg,Suburb
image_0206.jpg,Suburb
image_0038.jpg,Suburb
image_0010.jpg,Suburb
image_0039.jpg,Suburb
image_0207.jpg,Suburb
image_0165.jpg,Suburb
image_0159.jpg,Suburb
image_0217.jpg,Suburb
image_0029.jpg,Suburb
image_0216.jpg,Suburb
image_0016.jpg,Suburb
image_0002.jpg,Suburb
image_0017.jpg,Suburb
image_0201.jpg,Suburb
image_0163.jpg,Suburb
image_0185.jpg,Mountain
image_0218.jpg,Mountain
image_0026.jpg,Mountain
image_0033.jpg,Mountain
image_0345.jpg,Mountain
image_0184.jpg,Mountain
image_0179.jpg,Mountain
image_0151.jpg,Mountain
image_0347.jpg,Mountain
image_0024.jpg,Mountain
image_0232.jpg,Mountain
image_0226.jpg,Mountain
image_0346.jpg,Mountain
image_0352.jpg,Mountain
image_0144.jpg,Mountain
image_0178.jpg,Mountain
image_0342.jpg,Mountain
image_0035.jpg,Mountain
image_0343.jpg,Mountain
image_0357.jpg,Mountain
image_0169.jpg,Mountain
image_0141.jpg,Mountain
image_0180.jpg,Mountain
image_0355.jpg,Mountain
image_0208.jpg,Mountain
image_0220.jpg,Mountain
image_0234.jpg,Mountain
image_0340.jpg,Mountain
image_0195.jpg,Mountain
image_0181.jpg,Mountain
image_0125.jpg,Mountain
image_0131.jpg,Mountain
image_0092.jpg,Mountain
image_0044.jpg,Mountain
image_0050.jpg,Mountain
image_0078.jpg,Mountain
image_0285.jpg,Mountain
image_0291.jpg,Mountain
image_0124.jpg,Mountain
image_0318.jpg,Mountain
image_0330.jpg,Mountain
image_0324.jpg,Mountain
image_0250.jpg,Mountain
image_0084.jpg,Mountain
image_0292.jpg,Mountain
image_0325.jpg,Mountain
image_0137.jpg,Mountain
image_0321.jpg,Mountain
image_0241.jpg,Mountain
image_0282.jpg,Mountain
image_0057.jpg,Mountain
image_0056.jpg,Mountain
image_0334.jpg,Mountain
image_0136.jpg,Mountain
image_0242.jpg,Mountain
image_0281.jpg,Mountain
image_0054.jpg,Mountain
image_0280.jpg,Mountain
image_0323.jpg,Mountain
image_0135.jpg,Mountain
image_0138.jpg,Mountain
image_0306.jpg,Mountain
image_0058.jpg,Mountain
image_0070.jpg,Mountain
image_0071.jpg,Mountain
image_0267.jpg,Mountain
image_0313.jpg,Mountain
image_0111.jpg,Mountain
image_0139.jpg,Mountain
image_0271.jpg,Mountain
image_0067.jpg,Mountain
image_0099.jpg,Mountain
image_0310.jpg,Mountain
image_0116.jpg,Mountain
image_0102.jpg,Mountain
image_0328.jpg,Mountain
image_0274.jpg,Mountain
image_0249.jpg,Mountain
image_0329.jpg,Mountain
image_0303.jpg,Mountain
image_0317.jpg,Mountain
image_0263.jpg,Mountain
image_0074.jpg,Mountain
image_0276.jpg,Mountain
image_0302.jpg,Mountain
image_0167.jpg,Mountain
image_0173.jpg,Mountain
image_0198.jpg,Mountain
image_0238.jpg,Mountain
image_0199.jpg,Mountain
image_0164.jpg,Mountain
image_0207.jpg,Mountain
image_0203.jpg,Mountain
image_0217.jpg,Mountain
image_0028.jpg,Mountain
image_0160.jpg,Mountain
image_0228.jpg,Mountain
image_0002.jpg,Mountain
image_0349.jpg,Mountain
image_0361.jpg,Mountain
image_0146.jpg,Kitchen
image_0152.jpg,Kitchen
image_0185.jpg,Kitchen
image_0191.jpg,Kitchen
image_0032.jpg,Kitchen
image_0026.jpg,Kitchen
image_0153.jpg,Kitchen
image_0179.jpg,Kitchen
image_0151.jpg,Kitchen
image_0145.jpg,Kitchen
image_0186.jpg,Kitchen
image_0019.jpg,Kitchen
image_0025.jpg,Kitchen
image_0030.jpg,Kitchen
image_0187.jpg,Kitchen
image_0193.jpg,Kitchen
image_0144.jpg,Kitchen
image_0140.jpg,Kitchen
image_0020.jpg,Kitchen
image_0034.jpg,Kitchen
image_0196.jpg,Kitchen
image_0169.jpg,Kitchen
image_0155.jpg,Kitchen
image_0143.jpg,Kitchen
image_0157.jpg,Kitchen
image_0208.jpg,Kitchen
image_0181.jpg,Kitchen
image_0131.jpg,Kitchen
image_0079.jpg,Kitchen
image_0045.jpg,Kitchen
image_0092.jpg,Kitchen
image_0086.jpg,Kitchen
image_0087.jpg,Kitchen
image_0078.jpg,Kitchen
image_0130.jpg,Kitchen
image_0132.jpg,Kitchen
image_0126.jpg,Kitchen
image_0046.jpg,Kitchen
image_0084.jpg,Kitchen
image_0047.jpg,Kitchen
image_0133.jpg,Kitchen
image_0081.jpg,Kitchen
image_0136.jpg,Kitchen
image_0108.jpg,Kitchen
image_0054.jpg,Kitchen
image_0083.jpg,Kitchen
image_0082.jpg,Kitchen
image_0096.jpg,Kitchen
image_0069.jpg,Kitchen
image_0041.jpg,Kitchen
image_0055.jpg,Kitchen
image_0109.jpg,Kitchen
image_0058.jpg,Kitchen
image_0065.jpg,Kitchen
image_0059.jpg,Kitchen
image_0105.jpg,Kitchen
image_0139.jpg,Kitchen
image_0067.jpg,Kitchen
image_0099.jpg,Kitchen
image_0066.jpg,Kitchen
image_0106.jpg,Kitchen
image_0112.jpg,Kitchen
image_0102.jpg,Kitchen
image_0076.jpg,Kitchen
image_0077.jpg,Kitchen
image_0063.jpg,Kitchen
image_0103.jpg,Kitchen
image_0117.jpg,Kitchen
image_0101.jpg,Kitchen
image_0061.jpg,Kitchen
image_0074.jpg,Kitchen
image_0114.jpg,Kitchen
image_0100.jpg,Kitchen
image_0205.jpg,Kitchen
image_0013.jpg,Kitchen
image_0007.jpg,Kitchen
image_0210.jpg,Kitchen
image_0199.jpg,Kitchen
image_0172.jpg,Kitchen
image_0158.jpg,Kitchen
image_0164.jpg,Kitchen
image_0206.jpg,Kitchen
image_0038.jpg,Kitchen
image_0004.jpg,Kitchen
image_0011.jpg,Kitchen
image_0005.jpg,Kitchen
image_0039.jpg,Kitchen
image_0165.jpg,Kitchen
image_0161.jpg,Kitchen
image_0001.jpg,Kitchen
image_0015.jpg,Kitchen
image_0014.jpg,Kitchen
image_0202.jpg,Kitchen
image_0148.jpg,Kitchen
image_0174.jpg,Kitchen
image_0162.jpg,Kitchen
image_0176.jpg,Kitchen
image_0189.jpg,Kitchen
image_0188.jpg,Kitchen
image_0163.jpg,Kitchen
image_0146.jpg,OpenCountry
image_0152.jpg,OpenCountry
image_0185.jpg,OpenCountry
image_0190.jpg,OpenCountry
image_0179.jpg,OpenCountry
image_0186.jpg,OpenCountry
image_0390.jpg,OpenCountry
image_0232.jpg,OpenCountry
image_0226.jpg,OpenCountry
image_0385.jpg,OpenCountry
image_0187.jpg,OpenCountry
image_0178.jpg,OpenCountry
image_0168.jpg,OpenCountry
image_0342.jpg,OpenCountry
image_0236.jpg,OpenCountry
image_0020.jpg,OpenCountry
image_0223.jpg,OpenCountry
image_0394.jpg,OpenCountry
image_0196.jpg,OpenCountry
image_0141.jpg,OpenCountry
image_0143.jpg,OpenCountry
image_0180.jpg,OpenCountry
image_0235.jpg,OpenCountry
image_0209.jpg,OpenCountry
image_0036.jpg,OpenCountry
image_0397.jpg,OpenCountry
image_0156.jpg,OpenCountry
image_0333.jpg,OpenCountry
image_0247.jpg,OpenCountry
image_0092.jpg,OpenCountry
image_0087.jpg,OpenCountry
image_0078.jpg,OpenCountry
image_0291.jpg,OpenCountry
image_0332.jpg,OpenCountry
image_0130.jpg,OpenCountry
image_0124.jpg,OpenCountry
image_0324.jpg,OpenCountry
image_0053.jpg,OpenCountry
image_0286.jpg,OpenCountry
image_0331.jpg,OpenCountry
image_0127.jpg,OpenCountry
image_0241.jpg,OpenCountry
image_0282.jpg,OpenCountry
image_0043.jpg,OpenCountry
image_0094.jpg,OpenCountry
image_0095.jpg,OpenCountry
image_0081.jpg,OpenCountry
image_0056.jpg,OpenCountry
image_0283.jpg,OpenCountry
image_0254.jpg,OpenCountry
image_0308.jpg,OpenCountry
image_0320.jpg,OpenCountry
image_0096.jpg,OpenCountry
image_0257.jpg,OpenCountry
image_0272.jpg,OpenCountry
image_0299.jpg,OpenCountry
image_0070.jpg,OpenCountry
image_0273.jpg,OpenCountry
image_0307.jpg,OpenCountry
image_0271.jpg,OpenCountry
image_0067.jpg,OpenCountry
image_0099.jpg,OpenCountry
image_0072.jpg,OpenCountry
image_0116.jpg,OpenCountry
image_0314.jpg,OpenCountry
image_0300.jpg,OpenCountry
image_0328.jpg,OpenCountry
image_0248.jpg,OpenCountry
image_0062.jpg,OpenCountry
image_0089.jpg,OpenCountry
image_0088.jpg,OpenCountry
image_0329.jpg,OpenCountry
image_0129.jpg,OpenCountry
image_0288.jpg,OpenCountry
image_0075.jpg,OpenCountry
image_0048.jpg,OpenCountry
image_0074.jpg,OpenCountry
image_0276.jpg,OpenCountry
image_0316.jpg,OpenCountry
image_0128.jpg,OpenCountry
image_0205.jpg,OpenCountry
image_0364.jpg,OpenCountry
image_0402.jpg,OpenCountry
image_0158.jpg,OpenCountry
image_0366.jpg,OpenCountry
image_0213.jpg,OpenCountry
image_0207.jpg,OpenCountry
image_0398.jpg,OpenCountry
image_0367.jpg,OpenCountry
image_0363.jpg,OpenCountry
image_0217.jpg,OpenCountry
image_0389.jpg,OpenCountry
image_0362.jpg,OpenCountry
image_0162.jpg,OpenCountry
image_0360.jpg,OpenCountry
image_0214.jpg,OpenCountry
image_0200.jpg,OpenCountry
image_0003.jpg,OpenCountry
image_0229.jpg,OpenCountry
image_0163.jpg,OpenCountry
image_0191.jpg,Store
image_0230.jpg,Store
image_0224.jpg,Store
image_0219.jpg,Store
image_0145.jpg,Store
image_0186.jpg,Store
image_0019.jpg,Store
image_0018.jpg,Store
image_0232.jpg,Store
image_0144.jpg,Store
image_0154.jpg,Store
image_0035.jpg,Store
image_0223.jpg,Store
image_0221.jpg,Store
image_0037.jpg,Store
image_0208.jpg,Store
image_0234.jpg,Store
image_0142.jpg,Store
image_0119.jpg,Store
image_0131.jpg,Store
image_0253.jpg,Store
image_0051.jpg,Store
image_0092.jpg,Store
image_0093.jpg,Store
image_0050.jpg,Store
image_0246.jpg,Store
image_0130.jpg,Store
image_0132.jpg,Store
image_0126.jpg,Store
image_0278.jpg,Store
image_0244.jpg,Store
image_0250.jpg,Store
image_0245.jpg,Store
image_0279.jpg,Store
image_0133.jpg,Store
image_0137.jpg,Store
image_0123.jpg,Store
image_0255.jpg,Store
image_0282.jpg,Store
image_0094.jpg,Store
image_0095.jpg,Store
image_0268.jpg,Store
image_0120.jpg,Store
image_0108.jpg,Store
image_0295.jpg,Store
image_0054.jpg,Store
image_0097.jpg,Store
image_0069.jpg,Store
image_0055.jpg,Store
image_0294.jpg,Store
image_0243.jpg,Store
image_0110.jpg,Store
image_0266.jpg,Store
image_0058.jpg,Store
image_0064.jpg,Store
image_0059.jpg,Store
image_0298.jpg,Store
image_0105.jpg,Store
image_0139.jpg,Store
image_0098.jpg,Store
image_0072.jpg,Store
image_0066.jpg,Store
image_0264.jpg,Store
image_0310.jpg,Store
image_0314.jpg,Store
image_0062.jpg,Store
image_0261.jpg,Store
image_0315.jpg,Store
image_0103.jpg,Store
image_0101.jpg,Store
image_0129.jpg,Store
image_0277.jpg,Store
image_0061.jpg,Store
image_0049.jpg,Store
image_0276.jpg,Store
image_0128.jpg,Store
image_0100.jpg,Store
image_0173.jpg,Store
image_0198.jpg,Store
image_0205.jpg,Store
image_0007.jpg,Store
image_0006.jpg,Store
image_0204.jpg,Store
image_0199.jpg,Store
image_0172.jpg,Store
image_0170.jpg,Store
image_0011.jpg,Store
image_0005.jpg,Store
image_0175.jpg,Store
image_0203.jpg,Store
image_0217.jpg,Store
image_0001.jpg,Store
image_0029.jpg,Store
image_0202.jpg,Store
image_0148.jpg,Store
image_0189.jpg,Store
image_0200.jpg,Store
image_0188.jpg,Store
image_0177.jpg,Store
image_0163.jpg,Store
